var_set,n_background,feature_types,beta_multiplier,train_auc,test_auc,auc_gap
top 10,20000,linear+quadratic,0.5,0.9247,0.9678,-0.0431
top 10,20000,linear+quadratic,1.0,0.9242,0.966,-0.0418
top 10,20000,linear+quadratic,1.5,0.9234,0.965,-0.0416
top 10,20000,linear+quadratic,2.0,0.9227,0.9642,-0.0415
top 10,20000,linear+quadratic,3.0,0.9216,0.9632,-0.0415
top 18,20000,linear+quadratic,3.0,0.9198,0.9592,-0.0394
top 18,20000,linear+quadratic,2.0,0.9206,0.9591,-0.0385
top 18,20000,linear+quadratic,1.5,0.9211,0.9588,-0.0377
top 18,20000,linear+quadratic,1.0,0.9217,0.9588,-0.037
top 18,20000,linear+quadratic,0.5,0.9227,0.9587,-0.0361
all 24,20000,linear+quadratic,0.5,0.9231,0.9557,-0.0326
all 24,20000,linear+quadratic,1.0,0.9214,0.9556,-0.0342
all 24,20000,linear+quadratic,1.5,0.9209,0.9555,-0.0347
all 24,20000,linear+quadratic,2.0,0.9205,0.9555,-0.035
all 24,20000,linear+quadratic,3.0,0.9197,0.9551,-0.0354
all 24,20000,linear+quadratic+hinge+product,3.0,0.9351,0.9537,-0.0186
all 24,20000,linear+quadratic+hinge+product,2.0,0.9385,0.9536,-0.0151
all 24,20000,linear+quadratic+hinge+product,1.5,0.9423,0.9535,-0.0112
top 10,20000,linear+quadratic+hinge+product,3.0,0.9246,0.9526,-0.0279
top 10,20000,linear+quadratic+hinge+product,2.0,0.9256,0.952,-0.0264
top 10,20000,linear+quadratic+hinge+product,1.5,0.9265,0.951,-0.0245
all 24,20000,linear+quadratic+hinge+product,1.0,0.9487,0.9506,-0.0019
all 24,20000,linear+quadratic+hinge+product,0.5,0.956,0.9495,0.0065
top 10,20000,linear+quadratic+hinge+product,1.0,0.9286,0.9488,-0.0201
top 18,20000,linear+quadratic+hinge+product,0.5,0.9321,0.9479,-0.0158
top 18,20000,linear+quadratic+hinge+product,1.5,0.9265,0.9479,-0.0214
top 18,20000,linear+quadratic+hinge+product,1.0,0.9279,0.9479,-0.0201
top 18,20000,linear+quadratic+hinge+product,2.0,0.9258,0.9469,-0.0211
top 18,20000,linear+quadratic+hinge+product,3.0,0.9247,0.9454,-0.0207
top 10,20000,linear+quadratic+hinge+product,0.5,0.9311,0.9453,-0.0143
top 10,10000,linear+quadratic,1.0,0.9277,0.9384,-0.0107
top 10,10000,linear+quadratic,1.5,0.9262,0.9381,-0.012
top 10,10000,linear+quadratic,2.0,0.925,0.9379,-0.0129
top 18,10000,linear+quadratic,1.0,0.9218,0.9375,-0.0156
all 24,10000,linear+quadratic,2.0,0.9191,0.9374,-0.0183
top 18,10000,linear+quadratic,1.5,0.92,0.9374,-0.0174
top 18,10000,linear+quadratic,2.0,0.9191,0.9374,-0.0183
all 24,10000,linear+quadratic,1.5,0.9199,0.9373,-0.0174
top 10,10000,linear+quadratic,3.0,0.9237,0.9371,-0.0134
all 24,10000,linear+quadratic,1.0,0.9223,0.9371,-0.0148
all 24,10000,linear+quadratic,3.0,0.918,0.9367,-0.0187
top 18,10000,linear+quadratic,3.0,0.918,0.9366,-0.0185
top 10,10000,linear+quadratic,0.5,0.9291,0.9346,-0.0056
top 18,10000,linear+quadratic,0.5,0.9253,0.9308,-0.0055
all 24,10000,linear+quadratic,0.5,0.9262,0.9292,-0.003
top 10,5000,linear+quadratic,0.5,0.9406,0.9164,0.0243
top 10,5000,linear+quadratic,1.0,0.9402,0.9154,0.0249
top 10,5000,linear+quadratic,1.5,0.9397,0.9132,0.0266
top 10,5000,linear+quadratic,2.0,0.9393,0.9118,0.0275
top 10,5000,linear+quadratic,3.0,0.9382,0.9102,0.028
all 24,5000,linear+quadratic,1.0,0.9361,0.9008,0.0353
top 18,5000,linear+quadratic,1.0,0.936,0.9006,0.0354
all 24,5000,linear+quadratic,0.5,0.939,0.9001,0.0389
all 24,5000,linear+quadratic,2.0,0.9322,0.9001,0.032
all 24,5000,linear+quadratic,1.5,0.9326,0.8999,0.0327
top 18,5000,linear+quadratic,0.5,0.9391,0.8998,0.0393
top 18,5000,linear+quadratic,3.0,0.9314,0.8998,0.0316
top 18,5000,linear+quadratic,2.0,0.932,0.8997,0.0323
all 24,5000,linear+quadratic,3.0,0.9315,0.8997,0.0318
top 18,5000,linear+quadratic,1.5,0.9333,0.8991,0.0342
all 24,5000,linear+quadratic+hinge+product,0.5,0.9687,0.8967,0.072
all 24,5000,linear+quadratic+hinge+product,1.0,0.9598,0.8874,0.0724
top 10,10000,linear+quadratic+hinge+product,3.0,0.93,0.8872,0.0428
top 10,10000,linear+quadratic+hinge+product,2.0,0.9314,0.8866,0.0449
all 24,5000,linear+quadratic+hinge+product,3.0,0.9516,0.8862,0.0654
all 24,5000,linear+quadratic+hinge+product,1.5,0.9554,0.8862,0.0692
top 10,10000,linear+quadratic+hinge+product,1.5,0.9328,0.8861,0.0466
all 24,5000,linear+quadratic+hinge+product,2.0,0.9537,0.8852,0.0684
top 10,10000,linear+quadratic+hinge+product,1.0,0.9355,0.8839,0.0516
all 24,10000,linear+quadratic+hinge+product,3.0,0.9446,0.8766,0.068
top 10,10000,linear+quadratic+hinge+product,0.5,0.9391,0.8759,0.0632
all 24,10000,linear+quadratic+hinge+product,2.0,0.9459,0.8736,0.0723
top 10,5000,linear+quadratic+hinge+product,2.0,0.9412,0.871,0.0702
top 10,5000,linear+quadratic+hinge+product,0.5,0.9462,0.8708,0.0754
top 10,5000,linear+quadratic+hinge+product,1.0,0.9431,0.8708,0.0723
top 10,5000,linear+quadratic+hinge+product,1.5,0.9415,0.8708,0.0708
top 10,5000,linear+quadratic+hinge+product,3.0,0.9403,0.8699,0.0704
top 18,5000,linear+quadratic+hinge+product,0.5,0.9622,0.8679,0.0943
all 24,10000,linear+quadratic+hinge+product,1.5,0.9477,0.8667,0.081
top 18,5000,linear+quadratic+hinge+product,3.0,0.9445,0.8666,0.0779
top 18,5000,linear+quadratic+hinge+product,1.5,0.9479,0.8663,0.0816
top 18,5000,linear+quadratic+hinge+product,2.0,0.9462,0.8663,0.0799
top 18,5000,linear+quadratic+hinge+product,1.0,0.9513,0.8658,0.0855
top 18,10000,linear+quadratic+hinge+product,3.0,0.938,0.8605,0.0775
all 24,10000,linear+quadratic+hinge+product,1.0,0.9519,0.8598,0.092
top 18,10000,linear+quadratic+hinge+product,2.0,0.9397,0.8556,0.0841
top 18,10000,linear+quadratic+hinge+product,1.5,0.9413,0.8511,0.0902
all 24,10000,linear+quadratic+hinge+product,0.5,0.9595,0.8478,0.1117
top 18,10000,linear+quadratic+hinge+product,1.0,0.9457,0.8349,0.1108
top 18,10000,linear+quadratic+hinge+product,0.5,0.951,0.8122,0.1388
